Company,Job Title / Program,Department,Job Type,Target Audience,Application Link / Method,Location
Systems Limited,Associate Software Engineer,IT & Software,Entry-Level,Recent Grads,https://www.systemsltd.com/careers,Karachi
VentureDive,Associate Software Engineer,Technology,Entry-Level,Recent Grads,https://www.venturedive.com/careers/,Karachi
10Pearls,Software Engineering Intern,IT & Software,Internship,Undergrads & Grads,https://10pearls.com/careers/,Karachi
Unilever Pakistan,Unilever Future Leaders Programme (UFLP),Multi-department,Management Trainee,Recent Grads,https://www.unilever.pk/careers/,Karachi
Unilever Pakistan,Unilever Internship Programme,Multi-department,Internship,Undergrads,https://www.unilever.pk/careers/,Karachi
Engro Corporation,Engro Enablers Graduate Trainee,"Engineering, HR, Finance",Graduate Trainee,Recent Grads,https://www.engro.com/careers/,Karachi
Daraz,Daraz Future Leaders Program,"E-commerce, Operations",Management Trainee,Recent Grads,https://careers.daraz.com/,Karachi
Daraz,Undergrad Internship Program,"Business, Operations",Internship,Undergrads,https://careers.daraz.com/,Karachi
Foodpanda,Foodpanda Trainee Program,"Marketing, Sales, Operations",Graduate Trainee,Recent Grads,https://careers.foodpanda.com/,Karachi
K-Electric,KE Emerging Talent Program,"Engineering, IT, Finance",Graduate Trainee,Recent Grads,https://www.ke.com.pk/careers/,Karachi
Habib Bank Limited (HBL),HBL The League,"Banking, Tech, Finance",Graduate Trainee,Recent Grads,https://www.hbl.com/careers,Karachi
Bank Alfalah,Management Trainee Program,Banking & Finance,Graduate Trainee,Recent Grads,https://www.bankalfalah.com/careers/,Karachi
Meezan Bank,Internship Program,Islamic Banking,Internship,Undergrads,https://www.meezanbank.com/careers/,Karachi
National Foods Limited,NFL Graduate Trainee Programme,"Supply Chain, HR, Marketing",Graduate Trainee,Recent Grads,https://nfoods.com/careers/,Karachi
L'Oreal Pakistan,L'Oreal Seed Program,"Marketing, Sales, Digital",Internship,Undergrads & Grads,https://careers.loreal.com/,Karachi
Reckitt Pakistan,Reckitt Management Trainee,"Sales, Marketing, Supply",Management Trainee,Recent Grads,https://careers.reckitt.com/,Karachi
Folio3,Trainee Software Engineer,IT & Software,Entry-Level,Recent Grads,https://folio3.com/careers/,Karachi
Contour Software,Associate Software Engineer,IT & Software,Entry-Level,Recent Grads,https://contour-software.com/careers/,Karachi
TPS Worldwide,Associate Software Engineer,FinTech / IT,Entry-Level,Recent Grads,https://tpsworldwide.com/careers/,Karachi
Symmetry Group,Social Media Intern,Digital Marketing,Internship,Undergrads,https://symmetrygroup.biz/careers/,Karachi
Brainchild Communications,Media Planning Executive,Advertising / Media,Entry-Level,Recent Grads,https://www.brainchild.com.pk/,Karachi
Digitz-Kosmopolito,Creative Copywriter,Creative & Marketing,Entry-Level,Recent Grads,https://www.digitz-k.com/,Karachi
Adcom Leo Burnett,Creative Intern,Advertising,Internship,Undergrads,http://www.adcom.com.pk/,Karachi
Gaditek,Associate Product Manager,Technology,Entry-Level,Recent Grads,https://www.gaditek.com/careers/,Karachi
Ibex Pakistan,Customer Support Executive,Customer Experience,Entry-Level,Undergrads & Grads,https://www.ibex.co/pakistan/,Karachi
Lucky Core Industries (ICI),Graduate Trainee Program,"HR, Finance, Engineering",Graduate Trainee,Recent Grads,https://luckycore.com/careers/,Karachi
Fauji Fertilizer (FFC),Management Trainee Program,"Engineering, Finance, IT",Graduate Trainee,Recent Grads,https://www.ffc.com.pk/,Karachi
Hubco,Graduate Trainee Engineer (GTE),Power / Engineering,Graduate Trainee,Recent Grads,https://www.hubpower.com/careers/,Karachi
Gul Ahmed Textile,Management Trainee,Textile / Creative,Management Trainee,Recent Grads,https://www.gulahmed.com/,Karachi
Khaadi,Lead Your Way MTO Program,"Fashion, Retail, Supply",Management Trainee,Recent Grads,https://careers.khaadi.com/,Karachi
Shan Foods,Management Trainee Program,"Marketing, HR, Quality Assurance",Management Trainee,Recent Grads,https://www.shanfoods.com/careers/,Karachi
Martin Dow,Graduate Trainee Officer (GTO),Pharmaceuticals,Graduate Trainee,Recent Grads,https://martindow.com/careers/,Karachi
Getz Pharma,Trainee Officer,Pharma / Biotech,Entry-Level,Recent Grads,https://getzpharma.com/careers/,Karachi
Pfizer Pakistan,Commercial Intern,Healthcare / Business,Internship,Undergrads & Grads,https://www.pfizer.com/about/careers,Karachi
EBM (English Biscuit),Management Trainee Program,Operations / Marketing,Graduate Trainee,Recent Grads,https://www.ebm.com.pk/careers/,Karachi
Standard Chartered,International Graduate Programme,Banking & Finance,Graduate Program,Recent Grads,https://www.sc.com/en/careers/,Karachi
JS Bank,Management Trainee Program,Retail / Corporate Banking,Graduate Trainee,Recent Grads,https://jsbl.com/careers/,Karachi
Faysal Bank,Trainee Officer,Islamic Banking,Entry-Level,Recent Grads,https://www.faysalbank.com/en/careers/,Karachi
MCB Bank,Management Trainee Officer (MTO),Banking,Graduate Trainee,Recent Grads,https://www.mcb.com.pk/careers,Karachi
Jubilee Life Insurance,Executive Trainee Officer,Sales / Finance,Entry-Level,Recent Grads,https://www.jubileelife.com/careers/,Karachi
EFU Life Assurance,Trainee Officer,Sales & Business Development,Entry-Level,Undergrads & Grads,https://www.efulife.com/careers/,Karachi
Cnergyico,Graduate Trainee Program,Engineering / Supply Chain,Graduate Trainee,Recent Grads,https://www.cnergyico.com/,Karachi
Pakistan State Oil (PSO),Management Trainee Programme,"Operations, HR, Finance",Graduate Trainee,Recent Grads,https://www.psopk.com/en/careers,Karachi
Shell Pakistan,Shell Graduate Programme,Engineering / Commercial,Graduate Program,Recent Grads,https://www.shell.com.pk/careers,Karachi
Toyota Indus Motor,Graduate Trainee Engineer,Automobile / Operations,Graduate Trainee,Recent Grads,https://www.toyota-indus.com/careers/,Karachi
Pak Suzuki Motor Co.,Trainee Officer,Automotive / Admin,Entry-Level,Recent Grads,https://www.paksuzuki.com.pk/,Karachi
GfK Pakistan,Research Executive,Market Research,Entry-Level,Recent Grads,https://www.gfk.com/,Karachi
NielsenIQ Pakistan,Retail Analyst Intern,Data & Analytics,Internship,Undergrads & Grads,https://nielseniq.com/,Karachi
S&P Global Pakistan,Associate Data Researcher,Finance & Tech,Entry-Level,Recent Grads,https://www.spglobal.com/en/careers/,Karachi
McKinsey & Company,Business Analyst Intern,Management Consulting,Internship,Undergrads,https://www.mckinsey.com/careers,Karachi
Boston Consulting Group (BCG),Associate / Visiting Associate,Management Consulting,Entry-Level,Recent Grads,https://www.bcg.com/careers,Karachi
bproperty,Sales Associate Trainee,Real Estate,Entry-Level,Recent Grads,https://www.bproperty.com/,Karachi
Zameen.com,Business Development Trainee,Sales & BD,Entry-Level,Undergrads & Grads,https://www.zameen.com/careers/,Karachi
Graana.com,Sales Executive Trainee,Real Estate / Marketing,Entry-Level,Recent Grads,https://www.graana.com/,Karachi
Bykea,Operations Associate,Operations,Entry-Level,Recent Grads,https://bykea.com/careers/,Karachi
Yango Pakistan,Operations Trainee,Logistics / Operations,Internship,Undergrads & Grads,https://yango.com/,Karachi
InDrive,Business Support Intern,Customer Operations,Internship,Undergrads & Grads,https://indrive.com/,Karachi
Bazaar Technologies,Associate Product Manager,Technology,Entry-Level,Recent Grads,https://bazaartech.com/careers,Karachi
Tajir,Operations Associate,B2B E-commerce,Entry-Level,Recent Grads,https://www.tajir.app/,Karachi
Retailo,Growth Analyst Trainee,Business Development,Entry-Level,Recent Grads,https://retailo.co/,Karachi
Airlift Technologies,Trainee Associate (Archived Portfolio),Logistics / Operations,Entry-Level,Recent Grads,https://airlifttech.com/,Karachi