Company,Job Title,Department,Job Type,Target Audience,Application Link,Location,Source,Freshness (verified),Backup Search Link
ACTIVE INNOVATION (PVT.) LIMITED,Junior Web Developer Intern,Web Development,"Full-time Internship (Rs 30,000/mo)",Fresh grads / final-year CS-SE-IT students,https://pk.indeed.com/viewjob?jk=c590baf73b21f2a7,Karachi (Gulshan-e-Iqbal),Indeed,Live on Indeed 7-Aug-2026,https://pk.indeed.com/q-intern-l-karachi-jobs.html
Creatics,Research Analyst Intern (Paid),Research/Content,Paid Internship (may convert),"Fresh grads or A-Level students, strong English",https://pk.indeed.com/viewjob?jk=622b679cdcc46947,Karachi (Shahra-e-Faisal),Indeed,Live on Indeed 7-Aug-2026,https://pk.indeed.com/q-intern-l-karachi-jobs.html
Megaplus Pakistan,Fresh Graduate Trainee Program - Multiple Departments,Pre-Sales/SCM/Marketing/Finance/IT,Trainee Program,Fresh graduates (BBA/SCM/Mktg/Fin/CS/SE),https://pk.indeed.com/viewjob?jk=98361b999e80f7cd,Karachi,Indeed,Live on Indeed 7-Aug-2026,https://pk.indeed.com/q-intern-l-karachi-jobs.html
HZ TECH,QA Intern,Software QA,Internship,Freshers with manual testing basics,https://pk.indeed.com/viewjob?jk=89fee8e0312bdcf3,Karachi (Shahra-e-Faisal),Indeed,Live on Indeed 7-Aug-2026,https://pk.indeed.com/q-intern-l-karachi-jobs.html
EXHIBIT,Social Media Research Intern (Paid),Social Media/Research,Paid Internship,Freshers; trend documentation,https://pk.indeed.com/viewjob?jk=5caa31ec54e97054,Karachi,Indeed,Live on Indeed 7-Aug-2026,https://pk.indeed.com/q-intern-l-karachi-jobs.html
PNC Solutions,Data Scraping Intern,Data/Research,Internship,Freshers; online data collection,https://pk.indeed.com/viewjob?jk=910b7ff9b85fd28d,Karachi,Indeed,Live on Indeed 7-Aug-2026,https://pk.indeed.com/q-intern-l-karachi-jobs.html
4 Ace Technologies,Google Ads Intern,Digital Marketing (PPC),Internship,Freshers into ads/keywords,https://pk.indeed.com/viewjob?jk=3dcfe07fc0d989e4,Karachi,Indeed,Live on Indeed 7-Aug-2026,https://pk.indeed.com/q-intern-l-karachi-jobs.html
Sybrid (Lakson Group),Admin Intern,Administration,Internship,Graduates in relevant discipline,https://pk.indeed.com/viewjob?jk=00216ebf781f473e,Karachi,Indeed,Live on Indeed 7-Aug-2026,https://pk.indeed.com/q-intern-l-karachi-jobs.html
Your App Hero,Junior Business Development Intern (AI-Savvy),Business Development,Internship,O/A-Level graduates or fresh candidates,https://pk.indeed.com/viewjob?jk=27fd28c35ef25dfb,Karachi,Indeed,Live on Indeed 7-Aug-2026,https://pk.indeed.com/q-intern-l-karachi-jobs.html
Synage Global,Social Media Intern,Social Media,Internship,Freshers/students,https://pk.indeed.com/viewjob?jk=1e0ec3102ce1300b,Karachi,Indeed,Live on Indeed 7-Aug-2026,https://pk.indeed.com/q-intern-l-karachi-jobs.html
SAZ Enterprises,Finance Intern,Finance,Internship,Fresh finance/accounting grads,https://pk.indeed.com/viewjob?jk=fda684d2276badab,Karachi,Indeed,Live on Indeed 7-Aug-2026,https://pk.indeed.com/q-intern-l-karachi-jobs.html
Karsaaz EBS Pvt Ltd,Marketing & Social Media Assistant (Intern),Marketing,Full-time On-site Internship,Internship/entry-level candidates,https://pk.indeed.com/viewjob?jk=fc6dbe018d968598,Karachi (Gulshan-e-Iqbal),Indeed,Live on Indeed 7-Aug-2026,https://pk.indeed.com/q-intern-l-karachi-jobs.html
ibex,Talent Acquisition Intern,HR/Recruitment,Paid Internship,Fresh grads/students,https://pk.indeed.com/viewjob?jk=1d0bfd309ab7ec97,Karachi (Shahra-e-Faisal),Indeed,Live on Indeed 7-Aug-2026,https://pk.indeed.com/q-intern-l-karachi-jobs.html
Usman Public School,Teaching Interns,Education,Internship,"Intermediate+, undergrads or fresh grads; male & female",https://pk.indeed.com/viewjob?jk=c10fd98335d2495e,Karachi,Indeed,Live on Indeed 7-Aug-2026,https://pk.indeed.com/q-intern-l-karachi-jobs.html
Strugbits (PVT.) LTD,Front End Intern,Web Development,Internship,Freshers with HTML/CSS/JS,https://pk.indeed.com/viewjob?jk=5c985432ca0da0e1,Karachi,Indeed,Live on Indeed 7-Aug-2026,https://pk.indeed.com/q-intern-l-karachi-jobs.html
See LinkedIn posting,Service Desk Intern (3 months),IT Support,Internship (3 mo),Freshers; actively hiring,https://pk.linkedin.com/jobs/intern-jobs,Karachi Division,LinkedIn,Posted 2 days ago (5-Aug-2026),https://pk.linkedin.com/jobs/intern-jobs
See LinkedIn posting,Social Media Internship,Social Media,Internship,Freshers/students,https://pk.linkedin.com/jobs/intern-jobs,Karachi Division,LinkedIn,Posted 1 day ago (6-Aug-2026),https://pk.linkedin.com/jobs/intern-jobs
See LinkedIn posting,Business Development Intern,Business Development,Internship,Freshers,https://pk.linkedin.com/jobs/intern-jobs,Karachi,LinkedIn,Posted 5 days ago (2-Aug-2026),https://pk.linkedin.com/jobs/intern-jobs
See LinkedIn posting,Sales Operations Intern,Sales Operations,Internship,Freshers,https://pk.linkedin.com/jobs/intern-jobs,Karachi Division,LinkedIn,Posted 1 week ago (~31-Jul-2026),https://pk.linkedin.com/jobs/intern-jobs
See LinkedIn posting,Data Center Technician (On-site),IT/Data Center,Full-time Entry-level,Entry-level techs; be an early applicant,https://pk.linkedin.com/jobs/intern-jobs,Karachi,LinkedIn,Posted 5 days ago (2-Aug-2026),https://pk.linkedin.com/jobs/intern-jobs
Manpoy,Social Media Marketing & Data Entry - Paid Internship,Marketing/Admin,Full-time Paid Internship (Rs 15-20k),Freshers & students; Lahore-based only,https://pk.indeed.com/viewjob?jk=2a363ca63aecb16d,Lahore (Gulberg III),Indeed,Live on Indeed 7-Aug-2026,https://pk.indeed.com/q-paid-internship-l-lahore-jobs.html
4Nodes Technologies,LinkedIn+Alignable Paid Internship,B2B Outreach,Paid Internship,Students/fresh grads,https://pk.indeed.com/viewjob?jk=3f69bccf67dd1772,Lahore,Indeed,Live on Indeed 7-Aug-2026,https://pk.indeed.com/q-paid-internship-l-lahore-jobs.html
4Nodes Technologies,"E-Commerce Internship (Paid, Leading to Job)",E-commerce,Paid Internship (may convert),Fresh or 3-6 mo e-commerce exposure,https://pk.indeed.com/viewjob?jk=63087fcc489f419d,Lahore,Indeed,Live on Indeed 7-Aug-2026,https://pk.indeed.com/q-paid-internship-l-lahore-jobs.html
4Nodes Technologies,Upwork Intern (Paid),Business Development,Paid Internship (in-office),Fresh grads encouraged,https://pk.indeed.com/viewjob?jk=c160665ae00bbdff,Lahore,Indeed,Live on Indeed 7-Aug-2026,https://pk.indeed.com/q-paid-internship-l-lahore-jobs.html
4Nodes Technologies,Social Media Marketing Internship (Leading to Job),Digital Marketing,Full-time Paid Internship,Freshers (posts/graphics/reels),https://pk.indeed.com/viewjob?jk=bc25bb640bf66b33,Lahore,Indeed,Live on Indeed 7-Aug-2026,https://pk.indeed.com/q-paid-internship-l-lahore-jobs.html
RSK Technologies,SEO Intern - Paid Internship,SEO,Paid Internship (3 mo onsite),Freshers; performance stipend,https://pk.indeed.com/viewjob?jk=a3e20a9afaa07065,Lahore,Indeed,Live on Indeed 7-Aug-2026,https://pk.indeed.com/q-paid-internship-l-lahore-jobs.html
Compliance & Development Center,Business Development Executive (Paid Internship),Business Development,Paid Internship + certificate,Freshers seeking sales/BD training,https://pk.indeed.com/viewjob?jk=f4fae2cc1fe3e7bf,Lahore,Indeed,Live on Indeed 7-Aug-2026,https://pk.indeed.com/q-paid-internship-l-lahore-jobs.html
CDC,Female Paid Internship Opportunity,Creative/General,Paid Internship (may convert),Female creatives/freshers,https://pk.indeed.com/viewjob?jk=66acdea3586d1b6b,Lahore,Indeed,Live on Indeed 7-Aug-2026,https://pk.indeed.com/q-paid-internship-l-lahore-jobs.html
IM Ambassador Consultants,Paid Graduate Internship (Female),Consulting,"Structured Paid Internship (6 mo, stipend)",Female fresh graduates,https://pk.indeed.com/viewjob?jk=5cdd41f6f5cbbe62,Lahore,Indeed,Live on Indeed 7-Aug-2026,https://pk.indeed.com/q-paid-internship-l-lahore-jobs.html
Wired Media,Social Media Intern (Paid - 3 Months),Digital Marketing,Paid Internship (3 mo),Fresh grads/students,https://pk.indeed.com/viewjob?jk=bd77f9515f9d50a9,Lahore,Indeed,Live on Indeed 7-Aug-2026,https://pk.indeed.com/q-paid-internship-l-lahore-jobs.html
SEOKingsClub,WordPress Developer Internship,Web Development,Internship (may become paid FT),Freshers with WordPress basics,https://pk.indeed.com/viewjob?jk=a997fa4ac220e1b2,Lahore,Indeed,Live on Indeed 7-Aug-2026,https://pk.indeed.com/q-paid-internship-l-lahore-jobs.html
Rank Arrow,Business Development (Paid Internship),Business Development,Paid Internship (3-11 PM),Freshers (lead gen/outreach),https://pk.indeed.com/viewjob?jk=1441f029e2cc1c7c,Lahore,Indeed,Live on Indeed 7-Aug-2026,https://pk.indeed.com/q-paid-internship-l-lahore-jobs.html
ITGlobe,HR Internship,Human Resources,Paid Internship (leads to FT),Freshers building HR careers,https://pk.indeed.com/viewjob?jk=32f10cc1d22b329a,Lahore,Indeed,Live on Indeed 7-Aug-2026,https://pk.indeed.com/q-paid-internship-l-lahore-jobs.html
Healthrix,"Paid HR Internship (Night Shift, Leads to Permanent)",Human Resources,Paid Internship (night),Freshers open to night shift,https://pk.indeed.com/viewjob?jk=b5bd2985f29e568d,Lahore,Indeed,Live on Indeed 7-Aug-2026,https://pk.indeed.com/q-paid-internship-l-lahore-jobs.html
RAVISN PVT LTD,AI Content Creation Internship,Content/Marketing,Internship (10 AM - 6 PM),Freshers into social media/branding/ads,https://pk.indeed.com/viewjob?jk=32fa174a061e640c,Lahore,Indeed,Live on Indeed 7-Aug-2026,https://pk.indeed.com/q-paid-internship-l-lahore-jobs.html
See LinkedIn posting,Marketing Interns (3-Month Program),Marketing,Internship (3 mo),Freshers/students,https://pk.linkedin.com/jobs/internship-program-jobs-lahore,Lahore,LinkedIn,Posted 18 hours ago (6-Aug-2026),https://pk.linkedin.com/jobs/internship-program-jobs-lahore
See LinkedIn posting,Amazon FBA Brand Management Intern (PAID),E-commerce,Paid Internship,Freshers; actively hiring,https://pk.linkedin.com/jobs/intern-jobs,Lahore,LinkedIn,Posted 6 days ago (1-Aug-2026),https://pk.linkedin.com/jobs/intern-jobs
See LinkedIn posting,Internship 2026 - Lhr,General,Internship,Freshers/students,https://pk.linkedin.com/jobs/internship-program-jobs-lahore,Lahore,LinkedIn,Posted 1 week ago (~31-Jul-2026),https://pk.linkedin.com/jobs/internship-program-jobs-lahore
FLORET CAPITALS (PVT. LTD),Business Development Internship (Fresh Graduates),Sales & BD (Financial Markets),"Paid Internship (6 wks, from Rs 20k, leads to job)",Fresh business/finance/economics grads,https://pk.indeed.com/viewjob?jk=138cd5905ebc1d8d,Islamabad,Indeed,Live on Indeed 7-Aug-2026,https://pk.indeed.com/q-internship-for-students-l-islamabad-jobs.html
Python Technologies,Graphic Designer Intern (Paid),Design,Paid Internship + certificate,Creative freshers,https://pk.indeed.com/viewjob?jk=5e23384a86511ee4,Islamabad,Indeed,Live on Indeed 7-Aug-2026,https://pk.indeed.com/q-internship-for-students-l-islamabad-jobs.html
Ammad Group of Companies,Intern for Social Media,Social Media,Internship,Freshers with social media basics,https://pk.indeed.com/viewjob?jk=f8425b35b521dc3b,Islamabad,Indeed,Live on Indeed 7-Aug-2026,https://pk.indeed.com/q-internship-for-students-l-islamabad-jobs.html
Kestrel Education,Intern (Islamabad Office),Education Consulting,Paid Internship (mentored),"Students/fresh grads, student-centric comms",https://pk.indeed.com/viewjob?jk=571823a3ae43e065,Islamabad (F-7 Markaz),Indeed,Live on Indeed 7-Aug-2026,https://pk.indeed.com/q-internship-for-students-l-islamabad-jobs.html
Pak Qatar Family Takaful,Internship (Sales),Sales/Takaful,Internship,Intermediate/Bachelor's students (or enrolled),https://pk.indeed.com/viewjob?jk=976e6e247b22c4c2,Islamabad,Indeed,Live on Indeed 7-Aug-2026,https://pk.indeed.com/q-internship-for-students-l-islamabad-jobs.html
AEYRON,Cold Calling Intern,Sales/Outreach,Internship,Fresh grads/students with strong comms,https://pk.indeed.com/viewjob?jk=eaae203cc9aaf381,Islamabad,Indeed,Live on Indeed 7-Aug-2026,https://pk.indeed.com/q-internship-for-students-l-islamabad-jobs.html
Roots International Schools,CRM Intern,Admissions/CRM,Internship,Freshers (records/follow-ups),https://pk.indeed.com/viewjob?jk=5c219aacaaab27b9,Islamabad,Indeed,Live on Indeed 7-Aug-2026,https://pk.indeed.com/q-internship-for-students-l-islamabad-jobs.html
AlHuda International School,Internship Opportunity (Females Only),Education/Admin,Internship + completion letter,Female fresh grads/final-year students,https://pk.indeed.com/viewjob?jk=d80e5aac7d634bb1,Islamabad,Indeed,Live on Indeed 7-Aug-2026,https://pk.indeed.com/q-internship-for-students-l-islamabad-jobs.html
SOURCE CODE ACADEMIA,Paid Media Intern (Video Editing/Graphic Design),Media/Design,Paid Internship,Students/freshers with editing basics,https://pk.indeed.com/viewjob?jk=358a094e2d94516d,Rawalpindi,Indeed,Live on Indeed 7-Aug-2026,https://pk.indeed.com/q-internship-for-students-l-islamabad-jobs.html
Solexes (Private) Limited,Marketing Intern,Marketing,Internship,Final-year/fresh marketing-business grads,https://pk.indeed.com/viewjob?jk=02b72d132f89db08,Islamabad (E-11),Indeed,Live on Indeed 7-Aug-2026,https://pk.indeed.com/q-internship-for-students-l-islamabad-jobs.html
SAVA Consultants,Female Student Counselor (Internee),Education Consulting,Internship,Female freshers,https://pk.indeed.com/viewjob?jk=a1610a8e1d0f93ce,Rawalpindi,Indeed,Live on Indeed 7-Aug-2026,https://pk.indeed.com/q-internship-for-students-l-islamabad-jobs.html
SEZ Marketing and Advertising,Video Editing Internship (After Effects + Premiere),Media/Design,Training Internship,Beginners; hands-on training,https://pk.indeed.com/viewjob?jk=f4ab503859afe718,Islamabad,Indeed,Live on Indeed 7-Aug-2026,https://pk.indeed.com/q-internship-for-students-l-islamabad-jobs.html
ENCS Networks,Marketing Internship (6 month),Digital Marketing,Internship,Fresh grads/students,https://pk.indeed.com/viewjob?jk=fcca5c01ca544b75,Rawalpindi,Indeed,Live on Indeed 7-Aug-2026,https://pk.indeed.com/q-internship-for-students-l-islamabad-jobs.html
ENCS Networks,Marketing Internship (Onsite),Digital Marketing,Internship,Freshers/final-year students,https://pk.indeed.com/viewjob?jk=f9144cdd69b2d5ae,Rawalpindi,Indeed,Live on Indeed 7-Aug-2026,https://pk.indeed.com/q-internship-for-students-l-islamabad-jobs.html
NESL-IT,SEO Content Writer Intern (On-site),Content/SEO,Internship,Students/fresh grads/aspiring writers,https://pk.indeed.com/viewjob?jk=1391551608516381,Islamabad,Indeed,Live on Indeed 7-Aug-2026,https://pk.indeed.com/q-internship-for-students-l-islamabad-jobs.html
See LinkedIn posting,Learning & Development Intern,HR/L&D,Internship,Freshers; actively hiring,https://pk.linkedin.com/jobs/intern-jobs-islamabad,Islamabad,LinkedIn,Posted 1 day ago (6-Aug-2026),https://pk.linkedin.com/jobs/intern-jobs-islamabad
See LinkedIn posting,Data Center Technician (On-site),IT/Data Center,Full-time Entry-level,Entry-level techs,https://pk.linkedin.com/jobs/intern-jobs-islamabad,Islamabad,LinkedIn,Posted 5 days ago (2-Aug-2026),https://pk.linkedin.com/jobs/intern-jobs-islamabad
See LinkedIn posting,Internship: Sales Team Support,Sales Support,Internship (career-start program),Students/fresh grads,https://pk.linkedin.com/jobs/intern-jobs-islamabad,Islamabad,LinkedIn,Live on LinkedIn 7-Aug-2026,https://pk.linkedin.com/jobs/intern-jobs-islamabad
